[
    {
        "id": "ca728758-9027-4af2-8253-7cbbf50083e6",
        "cor": "branca",
        "tamanho": "p"
    },
    {
        "id": "6dfb3cd6-aa63-4238-81b2-8df5b454f587",
        "cor": "amarela",
        "tamanho": "m"
    },
    {
        "id": "e84db4a9-d3e6-4217-97c1-6d2950fc9e39",
        "cor": "azul",
        "tamanho": "p"
    },
    {
        "id": "cdb8a274-1de6-4919-9534-9b83b252caf3",
        "cor": "vermelha",
        "tamanho": "m"
    },
    {
        "id": "1464f8e7-894c-48d6-a8ad-f12854a9dd9f",
        "cor": "branca",
        "tamanho": "m"
    },
    {
        "id": "b29423e3-52ff-490b-a4be-56fd738dfb27",
        "cor": "preta",
        "tamanho": "g"
    },
    {
        "id": "6f6113df-588d-410b-8e41-0fe00072a9b6",
        "cor": "preta",
        "tamanho": "p"
    },
    {
        "id": "702af712-8279-4136-a06d-e148381d6e29",
        "cor": "verde",
        "tamanho": "p"
    },
    {
        "id": "8f0035cf-99c0-4592-afc4-4ad0fe742495",
        "cor": "azul",
        "tamanho": "p"
    },
    {
        "id": "77ad22b5-5017-4730-b2b6-bd1a84d68789",
        "cor": "vermelha",
        "tamanho": "p"
    },
    {
        "id": "26cea180-8ef3-4441-9707-73713f3e933f",
        "cor": "cinza_chumbo",
        "tamanho": "m"
    },
    {
        "id": "5dcb267d-f4f8-4af2-9bc0-2ff907174499",
        "cor": "cinza_cumbo",
        "tamanho": "m"
    },
    {
        "id": "55921514-369b-4445-bc51-ea979759662b",
        "cor": "grafite",
        "tamanho": "m"
    },
    {
        "id": "bbd0eaf5-4468-475e-a185-675fe7f77c6d",
        "cor": "grafite",
        "tamanho": "g"
    },
    {
        "id": "34474372-c705-4e63-8407-4c85667345d7",
        "cor": "laranja",
        "tamanho": "g"
    },
    {
        "id": "12cbce8d-ab9d-4947-8e5e-5d9323723c60",
        "cor": "laranja",
        "tamanho": "g"
    },
    {
        "id": "1a884edb-4f27-4e4f-8f01-836c47baa200",
        "cor": "laranja",
        "tamanho": "g"
    },
    {
        "id": "8851cfac-0790-4b6b-a06c-913a2d0343e5",
        "cor": "branca",
        "tamanho": "g"
    },
    {
        "id": "0d13bb18-8f4d-4c09-9232-2c533c373f46",
        "cor": "branca",
        "tamanho": "g"
    },
    {
        "id": "8b83bc97-ebab-4a7d-b6cf-e5388f5644d8",
        "cor": "branca",
        "tamanho": "m"
    },
    {
        "id": "1a60d95d-e4f5-4a7e-8a23-051ebb499f4b",
        "cor": "branca",
        "tamanho": "m"
    },
    {
        "id": "664a4721-403b-421e-be06-7d8033ac4320",
        "cor": "cinza",
        "tamanho": "m"
    },
    {
        "id": "ef974d87-a35c-4910-a891-233e1dd43194",
        "cor": "verde",
        "tamanho": "m"
    },
    {
        "id": "cf260f97-451c-40b4-9092-cd7f039e3899",
        "cor": "verde",
        "tamanho": "p"
    },
    {
        "id": "5b8693dc-b877-46cd-8282-c9a1d883c1b4",
        "cor": "cinza",
        "tamanho": "g"
    }
]